code,status,d_votes,r_votes,other_votes,d_seats,r_seats,other_seats,reporting_pct,reporting_source,uncontested_districts,source_url,as_of,note
AK,pending,,,,,,,,,,,,
AL,pending,,,,,,,,,,,,
AR,pending,,,,,,,,,,,,
AZ,pending,,,,,,,,,,,,
CA,pending,,,,,,,,,,,,
CO,pending,,,,,,,,,,,,
CT,pending,,,,,,,,,,,,
DE,pending,,,,,,,,,,,,
FL,pending,,,,,,,,,,,,
GA,pending,,,,,,,,,,,,
HI,pending,,,,,,,,,,,,
IA,pending,,,,,,,,,,,,
ID,pending,,,,,,,,,,,,
IL,pending,,,,,,,,,,,,
IN,pending,,,,,,,,,,,,
KS,pending,,,,,,,,,,,,
KY,pending,,,,,,,,,,,,
LA,pending,,,,,,,,,,,,
MA,pending,,,,,,,,,,,,
MD,pending,,,,,,,,,,,,
ME,pending,,,,,,,,,,,,
MI,pending,,,,,,,,,,,,
MN,pending,,,,,,,,,,,,
MO,pending,,,,,,,,,,,,
MS,pending,,,,,,,,,,,,
MT,pending,,,,,,,,,,,,
NC,pending,,,,,,,,,,,,
ND,pending,,,,,,,,,,,,
NE,pending,,,,,,,,,,,,
NH,pending,,,,,,,,,,,,
NJ,pending,,,,,,,,,,,,
NM,pending,,,,,,,,,,,,
NV,pending,,,,,,,,,,,,
NY,pending,,,,,,,,,,,,
OH,pending,,,,,,,,,,,,
OK,pending,,,,,,,,,,,,
OR,pending,,,,,,,,,,,,
PA,pending,,,,,,,,,,,,
RI,pending,,,,,,,,,,,,
SC,pending,,,,,,,,,,,,
SD,pending,,,,,,,,,,,,
TN,pending,,,,,,,,,,,,
TX,pending,,,,,,,,,,,,
UT,pending,,,,,,,,,,,,
VA,pending,,,,,,,,,,,,
VT,pending,,,,,,,,,,,,
WA,pending,,,,,,,,,,,,
WI,pending,,,,,,,,,,,,
WV,pending,,,,,,,,,,,,
WY,pending,,,,,,,,,,,,
